block_size,time_ms
32,0.125696
64,0.110944
128,0.110950
256,0.113875
512,0.122842
