block_size,time_ms
32,0.950470
64,0.891322
128,0.910675
256,0.903571
512,0.895814
