block_size,time_ms
32,0.924070
64,0.852243
128,0.869158
256,0.854368
512,0.847430
