block_size,time_ms
32,0.027533
64,0.015878
128,0.016941
256,0.011878
512,0.015085
