block_size,time_ms
32,0.043034
64,0.024595
128,0.015021
256,0.018848
512,0.014950
